{
    "Bathrooms": {
        "Apartment": {
            1.0: 0.7142857142857143,
            1.5: 0.14285714285714285,
            2.5: 0.14285714285714285
        },
        "Condo": {
            1.0: 0.6666666666666666,
            1.5: 0.16666666666666666,
            2.5: 0.16666666666666666
        },
        "House": {
            1.0: 0.8571428571428571,
            1.5: 0.14285714285714285,
            2.5: 0.0
        }
    },
    "# Garages": {
        "Apartment": {
            0.0: 0.14285714285714285,
            1.0: 0.42857142857142855,
            1.5: 0.14285714285714285,
            2.0: 0.2857142857142857
        },
        "Condo": {
            0.0: 0.0,
            1.0: 0.6666666666666666,
            1.5: 0.0,
            2.0: 0.3333333333333333
        },
        "House": {
            0.0: 0.2857142857142857,
            1.0: 0.2857142857142857,
            1.5: 0.14285714285714285,
            2.0: 0.2857142857142857
        }
    },
    "# Rooms": {
        "Apartment": {
            5: 0.14285714285714285,
            6: 0.2857142857142857,
            7: 0.2857142857142857,
            8: 0.14285714285714285,
            9: 0.14285714285714285,
            10: 0.0
        },
        "Condo": {
            5: 0.0,
            6: 0.6666666666666666,
            7: 0.16666666666666666,
            8: 0.0,
            9: 0.0,
            10: 0.16666666666666666
        },
        "House": {
            5: 0.14285714285714285,
            6: 0.5714285714285714,
            7: 0.2857142857142857,
            8: 0.0,
            9: 0.0,
            10: 0.0
        }
    },
    "# Bedrooms": {
        "Apartment": {
            2: 0.14285714285714285,
            3: 0.42857142857142855,
            4: 0.2857142857142857,
            5: 0.14285714285714285
        },
        "Condo": {
            2: 0.0,
            3: 0.8333333333333334,
            4: 0.0,
            5: 0.16666666666666666
        },
        "House": {
            2: 0.14285714285714285,
            3: 0.7142857142857143,
            4: 0.14285714285714285,
            5: 0.0
        }
    },
    "Construction type": {
        "Apartment": {
            "Apartment": 1.0,
            "Condo": 0.0,
            "House": 0.0
        },
        "Condo": {
            "Apartment": 0.0,
            "Condo": 1.0,
            "House": 0.0
        },
        "House": {
            "Apartment": 0.0,
            "Condo": 0.0,
            "House": 1.0
        }
    }
}

{
    "House ID": {
        "Apartment": {
            "low": 0.42857142857142855,
            "mid": 0.14285714285714285,
            "high": 0.42857142857142855
        },
        "Condo": {
            "low": 0.5,
            "mid": 0.16666666666666666,
            "high": 0.3333333333333333
        },
        "House": {
            "low": 0.14285714285714285,
            "mid": 0.5714285714285714,
            "high": 0.2857142857142857
        }
    },
    "Local Price": {
        "Apartment": {
            "low": 0.5714285714285714,
            "mid": 0.0,
            "high": 0.42857142857142855
        },
        "Condo": {
            "low": 0.3333333333333333,
            "mid": 0.3333333333333333,
            "high": 0.3333333333333333
        },
        "House": {
            "low": 0.14285714285714285,
            "mid": 0.5714285714285714,
            "high": 0.2857142857142857
        }
    },
    "Land Area": {
        "Apartment": {
            "low": 0.42857142857142855,
            "mid": 0.2857142857142857,
            "high": 0.2857142857142857
        },
        "Condo": {
            "low": 0.3333333333333333,
            "mid": 0.3333333333333333,
            "high": 0.3333333333333333
        },
        "House": {
            "low": 0.2857142857142857,
            "mid": 0.2857142857142857,
            "high": 0.42857142857142855
        }
    },
    "Living area": {
        "Apartment": {
            "low": 0.42857142857142855,
            "mid": 0.2857142857142857,
            "high": 0.2857142857142857
        },
        "Condo": {
            "low": 0.5,
            "mid": 0.3333333333333333,
            "high": 0.16666666666666666
        },
        "House": {
            "low": 0.14285714285714285,
            "mid": 0.42857142857142855,
            "high": 0.42857142857142855
        }
    },
    "Age of home": {
        "Apartment": {
            "low": 0.2857142857142857,
            "mid": 0.2857142857142857,
            "high": 0.42857142857142855
        },
        "Condo": {
            "low": 0.3333333333333333,
            "mid": 0.3333333333333333,
            "high": 0.3333333333333333
        },
        "House": {
            "low": 0.8571428571428571,
            "mid": 0.0,
            "high": 0.14285714285714285
        }
    }
}

P_# Bedrooms = {"Apartment": {
        2: 0.14285714285714285,
        3: 0.42857142857142855,
        4: 0.2857142857142857,
        5: 0.14285714285714285
    }, "Condo": {
        2: 0.0,
        3: 0.8333333333333334,
        4: 0.0,
        5: 0.16666666666666666
    }, "House": {
        2: 0.14285714285714285,
        3: 0.7142857142857143,
        4: 0.14285714285714285,
        5: 0.0
    }
}